{"theta0": 8499.599649933149, "theta1": -0.021448963591702085}